Repository,Component Type,Ecosystem,Name,Version,Dependency Scope,Relationship,License,PURL or Reference,Metadata Source,Notes
Regensburg_DigitalerEnergieZwilling_AirflowDAGs,application,first-party,Regensburg_DigitalerEnergieZwilling_AirflowDAGs,unversioned,runtime/build,root component,LGPL-3.0-or-later,pkg:generic/Regensburg_DigitalerEnergieZwilling_AirflowDAGs@unversioned,Regensburg_DigitalerEnergieZwilling_AirflowDAGs/sbom.config.json,First-party repository component.
Regensburg_DigitalerEnergieZwilling_AirflowDAGs,container,OCI container,amazon/aws-cli,latest (not digest pinned),development,referenced local development software,NOASSERTION,oci:amazon/aws-cli:latest,Regensburg_DigitalerEnergieZwilling_AirflowDAGs/docker-compose.yaml,Optional local S3 initialization image; packages inside the image are not expanded.
Regensburg_DigitalerEnergieZwilling_AirflowDAGs,container,OCI container,ghcr.io/csi-foxbyte/citygml-tools-docker,latest (not digest pinned),runtime/build,referenced pipeline runtime software,NOASSERTION,oci:ghcr.io/csi-foxbyte/citygml-tools-docker:latest,Regensburg_DigitalerEnergieZwilling_AirflowDAGs/dags/pipeline/config.py,CityGML conversion image; packages inside the image are not expanded.
Regensburg_DigitalerEnergieZwilling_AirflowDAGs,container,OCI container,ghcr.io/csi-foxbyte/cityjson-to-3d-tiles,0.0.24@sha256:39ab45799580d32d73ff58bc421df585b77e3b8fd5ec8e9dd8a9cf940b68e038,runtime/build,referenced pipeline runtime software,NOASSERTION,oci:ghcr.io/csi-foxbyte/cityjson-to-3d-tiles:0.0.24@sha256:39ab45799580d32d73ff58bc421df585b77e3b8fd5ec8e9dd8a9cf940b68e038,Regensburg_DigitalerEnergieZwilling_AirflowDAGs/dags/pipeline/config.py,CityJSON to 3D Tiles image; packages inside the image are not expanded.
Regensburg_DigitalerEnergieZwilling_AirflowDAGs,container,OCI container,ghcr.io/csi-foxbyte/regensburg_digitalerenergiezwilling_offlineenrichment,0.8.0@sha256:b2faf575e02f071e43a44189c187df0e6aa0bb1779a2e48297e1eb41e9ec483a,runtime/build,referenced pipeline runtime software,LGPL-3.0-or-later,oci:ghcr.io/csi-foxbyte/regensburg_digitalerenergiezwilling_offlineenrichment:0.8.0@sha256:b2faf575e02f071e43a44189c187df0e6aa0bb1779a2e48297e1eb41e9ec483a,Regensburg_DigitalerEnergieZwilling_AirflowDAGs/dags/pipeline/config.py,Offline enrichment image; packages inside the image are documented by that repository's own SBOM and are not expanded here.
Regensburg_DigitalerEnergieZwilling_AirflowDAGs,container,OCI container,ghcr.io/osgeo/gdal,alpine-small-3.13.2@sha256:9f453a4c7af9862cce78831d7cb587f8e7b98ff4dbbc177d6b6e213e20260e0e,runtime/build,referenced pipeline runtime software,NOASSERTION,oci:ghcr.io/osgeo/gdal:alpine-small-3.13.2@sha256:9f453a4c7af9862cce78831d7cb587f8e7b98ff4dbbc177d6b6e213e20260e0e,Regensburg_DigitalerEnergieZwilling_AirflowDAGs/dags/pipeline/config.py,GDAL terrain-processing image; packages inside the image are not expanded.
Regensburg_DigitalerEnergieZwilling_AirflowDAGs,container,OCI container,ghcr.io/tum-gis/ctb-quantized-mesh,latest@sha256:31053c0cee60fe2f6651812786b2861e1dda03b25a88f2fa6325a4a9e266ad98,runtime/build,referenced pipeline runtime software,NOASSERTION,oci:ghcr.io/tum-gis/ctb-quantized-mesh:latest@sha256:31053c0cee60fe2f6651812786b2861e1dda03b25a88f2fa6325a4a9e266ad98,Regensburg_DigitalerEnergieZwilling_AirflowDAGs/dags/pipeline/config.py,Quantized Mesh terrain image pinned by digest; packages inside the image are not expanded.
Regensburg_DigitalerEnergieZwilling_AirflowDAGs,container,OCI container,localstack/localstack,latest (not digest pinned),development,referenced local development software,NOASSERTION,oci:localstack/localstack:latest,Regensburg_DigitalerEnergieZwilling_AirflowDAGs/docker-compose.yaml,Optional local S3 service image; packages inside the image are not expanded.
Regensburg_DigitalerEnergieZwilling_AirflowDAGs,container,OCI container,python,3.12-slim (not digest pinned),runtime/build,referenced S3 GUI build/runtime software,PSF-2.0; container includes additional licenses,oci:python:3.12-slim,Regensburg_DigitalerEnergieZwilling_AirflowDAGs/s3-gui/Dockerfile,S3 GUI base image; packages inside the image are not expanded.
Regensburg_DigitalerEnergieZwilling_AirflowDAGs,library,PyPI requirement,boto3,">=1.34,<2 (not pinned)",runtime/build,declared S3 GUI runtime dependency,NOASSERTION,requirement:pypi:boto3@%3E%3D1.34%2C%3C2,Regensburg_DigitalerEnergieZwilling_AirflowDAGs/s3-gui/requirements.txt,Version range installed independently while building the S3 GUI image; transitive packages are not resolved by this source SBOM.
Regensburg_DigitalerEnergieZwilling_AirflowDAGs,library,PyPI requirement,Flask,">=3,<4 (not pinned)",runtime/build,declared S3 GUI runtime dependency,NOASSERTION,requirement:pypi:Flask@%3E%3D3%2C%3C4,Regensburg_DigitalerEnergieZwilling_AirflowDAGs/s3-gui/requirements.txt,Version range installed independently while building the S3 GUI image; transitive packages are not resolved by this source SBOM.
Regensburg_DigitalerEnergieZwilling_AirflowDAGs,application,Python runtime,Python,3.12,runtime/build,referenced host runtime software,PSF-2.0,component:python-runtime@3.12,Regensburg_DigitalerEnergieZwilling_AirflowDAGs/init.sh,Python minor version required by the Airflow host environment; the exact patch version is supplied by the host and is not pinned.
Regensburg_DigitalerEnergieZwilling_AirflowDAGs,library,PyPI,a2wsgi,1.10.10,runtime/build,transitive runtime dependency,Apache-2.0,pkg:pypi/a2wsgi@1.10.10,Regensburg_DigitalerEnergieZwilling_AirflowDAGs/.airflow-env installed package metadata,Generated from installed distribution metadata by cyclonedx-bom.
Regensburg_DigitalerEnergieZwilling_AirflowDAGs,library,PyPI,aiohappyeyeballs,2.6.1,runtime/build,transitive runtime dependency,PSF-2.0 AND Python-2.0,pkg:pypi/aiohappyeyeballs@2.6.1,Regensburg_DigitalerEnergieZwilling_AirflowDAGs/.airflow-env installed package metadata,Generated from installed distribution metadata by cyclonedx-bom.
Regensburg_DigitalerEnergieZwilling_AirflowDAGs,library,PyPI,aiohttp,3.13.3,runtime/build,transitive runtime dependency,Apache-2.0 AND MIT,pkg:pypi/aiohttp@3.13.3,Regensburg_DigitalerEnergieZwilling_AirflowDAGs/.airflow-env installed package metadata,Generated from installed distribution metadata by cyclonedx-bom.
Regensburg_DigitalerEnergieZwilling_AirflowDAGs,library,PyPI,aiosignal,1.4.0,runtime/build,transitive runtime dependency,License :: OSI Approved :: Apache Software License,pkg:pypi/aiosignal@1.4.0,Regensburg_DigitalerEnergieZwilling_AirflowDAGs/.airflow-env installed package metadata,Generated from installed distribution metadata by cyclonedx-bom.
Regensburg_DigitalerEnergieZwilling_AirflowDAGs,library,PyPI,aiosmtplib,5.1.0,runtime/build,transitive runtime dependency,MIT,pkg:pypi/aiosmtplib@5.1.0,Regensburg_DigitalerEnergieZwilling_AirflowDAGs/.airflow-env installed package metadata,Generated from installed distribution metadata by cyclonedx-bom.
Regensburg_DigitalerEnergieZwilling_AirflowDAGs,library,PyPI,aiosqlite,0.21.0,runtime/build,transitive runtime dependency,MIT,pkg:pypi/aiosqlite@0.21.0,Regensburg_DigitalerEnergieZwilling_AirflowDAGs/.airflow-env installed package metadata,Generated from installed distribution metadata by cyclonedx-bom.
Regensburg_DigitalerEnergieZwilling_AirflowDAGs,library,PyPI,alembic,1.18.3,runtime/build,transitive runtime dependency,MIT,pkg:pypi/alembic@1.18.3,Regensburg_DigitalerEnergieZwilling_AirflowDAGs/.airflow-env installed package metadata,Generated from installed distribution metadata by cyclonedx-bom.
Regensburg_DigitalerEnergieZwilling_AirflowDAGs,library,PyPI,annotated-types,0.7.0,runtime/build,transitive runtime dependency,MIT,pkg:pypi/annotated-types@0.7.0,Regensburg_DigitalerEnergieZwilling_AirflowDAGs/.airflow-env installed package metadata,Generated from installed distribution metadata by cyclonedx-bom.
Regensburg_DigitalerEnergieZwilling_AirflowDAGs,library,PyPI,anyio,4.12.1,runtime/build,transitive runtime dependency,MIT,pkg:pypi/anyio@4.12.1,Regensburg_DigitalerEnergieZwilling_AirflowDAGs/.airflow-env installed package metadata,Generated from installed distribution metadata by cyclonedx-bom.
Regensburg_DigitalerEnergieZwilling_AirflowDAGs,library,PyPI,apache-airflow,3.1.7,runtime/build,direct runtime dependency,Apache-2.0,pkg:pypi/apache-airflow@3.1.7,Regensburg_DigitalerEnergieZwilling_AirflowDAGs/init.sh,Generated from installed distribution metadata by cyclonedx-bom.
Regensburg_DigitalerEnergieZwilling_AirflowDAGs,library,PyPI,apache-airflow-core,3.1.7,runtime/build,transitive runtime dependency,Apache-2.0,pkg:pypi/apache-airflow-core@3.1.7,Regensburg_DigitalerEnergieZwilling_AirflowDAGs/.airflow-env installed package metadata,Generated from installed distribution metadata by cyclonedx-bom.
Regensburg_DigitalerEnergieZwilling_AirflowDAGs,library,PyPI,apache-airflow-providers-amazon,9.21.0,runtime/build,direct runtime dependency,Apache-2.0,pkg:pypi/apache-airflow-providers-amazon@9.21.0,Regensburg_DigitalerEnergieZwilling_AirflowDAGs/init.sh (apache-airflow amazon extra),Generated from installed distribution metadata by cyclonedx-bom.
Regensburg_DigitalerEnergieZwilling_AirflowDAGs,library,PyPI,apache-airflow-providers-common-compat,1.13.0,runtime/build,transitive runtime dependency,Apache-2.0,pkg:pypi/apache-airflow-providers-common-compat@1.13.0,Regensburg_DigitalerEnergieZwilling_AirflowDAGs/.airflow-env installed package metadata,Generated from installed distribution metadata by cyclonedx-bom.
Regensburg_DigitalerEnergieZwilling_AirflowDAGs,library,PyPI,apache-airflow-providers-common-io,1.7.1,runtime/build,transitive runtime dependency,Apache-2.0,pkg:pypi/apache-airflow-providers-common-io@1.7.1,Regensburg_DigitalerEnergieZwilling_AirflowDAGs/.airflow-env installed package metadata,Generated from installed distribution metadata by cyclonedx-bom.
Regensburg_DigitalerEnergieZwilling_AirflowDAGs,library,PyPI,apache-airflow-providers-common-sql,1.30.4,runtime/build,transitive runtime dependency,Apache-2.0,pkg:pypi/apache-airflow-providers-common-sql@1.30.4,Regensburg_DigitalerEnergieZwilling_AirflowDAGs/.airflow-env installed package metadata,Generated from installed distribution metadata by cyclonedx-bom.
Regensburg_DigitalerEnergieZwilling_AirflowDAGs,library,PyPI,apache-airflow-providers-docker,4.5.2,runtime/build,direct runtime dependency,Apache-2.0,pkg:pypi/apache-airflow-providers-docker@4.5.2,Regensburg_DigitalerEnergieZwilling_AirflowDAGs/init.sh (apache-airflow docker extra),Generated from installed distribution metadata by cyclonedx-bom.
Regensburg_DigitalerEnergieZwilling_AirflowDAGs,library,PyPI,apache-airflow-providers-http,5.6.4,runtime/build,transitive runtime dependency,Apache-2.0,pkg:pypi/apache-airflow-providers-http@5.6.4,Regensburg_DigitalerEnergieZwilling_AirflowDAGs/.airflow-env installed package metadata,Generated from installed distribution metadata by cyclonedx-bom.
Regensburg_DigitalerEnergieZwilling_AirflowDAGs,library,PyPI,apache-airflow-providers-smtp,2.4.2,runtime/build,transitive runtime dependency,Apache-2.0,pkg:pypi/apache-airflow-providers-smtp@2.4.2,Regensburg_DigitalerEnergieZwilling_AirflowDAGs/.airflow-env installed package metadata,Generated from installed distribution metadata by cyclonedx-bom.
Regensburg_DigitalerEnergieZwilling_AirflowDAGs,library,PyPI,apache-airflow-providers-standard,1.11.0,runtime/build,direct runtime dependency,Apache-2.0,pkg:pypi/apache-airflow-providers-standard@1.11.0,Regensburg_DigitalerEnergieZwilling_AirflowDAGs/DAG imports and installed Airflow environment,Generated from installed distribution metadata by cyclonedx-bom.
Regensburg_DigitalerEnergieZwilling_AirflowDAGs,library,PyPI,apache-airflow-task-sdk,1.1.7,runtime/build,transitive runtime dependency,Apache-2.0,pkg:pypi/apache-airflow-task-sdk@1.1.7,Regensburg_DigitalerEnergieZwilling_AirflowDAGs/.airflow-env installed package metadata,Generated from installed distribution metadata by cyclonedx-bom.
Regensburg_DigitalerEnergieZwilling_AirflowDAGs,library,PyPI,argcomplete,3.6.3,runtime/build,transitive runtime dependency,License :: OSI Approved :: Apache Software License,pkg:pypi/argcomplete@3.6.3,Regensburg_DigitalerEnergieZwilling_AirflowDAGs/.airflow-env installed package metadata,Generated from installed distribution metadata by cyclonedx-bom.
Regensburg_DigitalerEnergieZwilling_AirflowDAGs,library,PyPI,asgiref,3.11.0,runtime/build,transitive runtime dependency,BSD-3-Clause AND License :: OSI Approved :: BSD License,pkg:pypi/asgiref@3.11.0,Regensburg_DigitalerEnergieZwilling_AirflowDAGs/.airflow-env installed package metadata,Generated from installed distribution metadata by cyclonedx-bom.
Regensburg_DigitalerEnergieZwilling_AirflowDAGs,library,PyPI,asn1crypto,1.5.1,runtime/build,transitive runtime dependency,MIT,pkg:pypi/asn1crypto@1.5.1,Regensburg_DigitalerEnergieZwilling_AirflowDAGs/.airflow-env installed package metadata,Generated from installed distribution metadata by cyclonedx-bom.
Regensburg_DigitalerEnergieZwilling_AirflowDAGs,library,PyPI,attrs,25.4.0,runtime/build,transitive runtime dependency,MIT,pkg:pypi/attrs@25.4.0,Regensburg_DigitalerEnergieZwilling_AirflowDAGs/.airflow-env installed package metadata,Generated from installed distribution metadata by cyclonedx-bom.
Regensburg_DigitalerEnergieZwilling_AirflowDAGs,library,PyPI,babel,2.18.0,runtime/build,transitive runtime dependency,BSD-3-Clause AND License :: OSI Approved :: BSD License,pkg:pypi/babel@2.18.0,Regensburg_DigitalerEnergieZwilling_AirflowDAGs/.airflow-env installed package metadata,Generated from installed distribution metadata by cyclonedx-bom.
Regensburg_DigitalerEnergieZwilling_AirflowDAGs,library,PyPI,beautifulsoup4,4.14.3,runtime/build,transitive runtime dependency,MIT,pkg:pypi/beautifulsoup4@4.14.3,Regensburg_DigitalerEnergieZwilling_AirflowDAGs/.airflow-env installed package metadata,Generated from installed distribution metadata by cyclonedx-bom.
Regensburg_DigitalerEnergieZwilling_AirflowDAGs,library,PyPI,boto3,1.42.30,runtime/build,transitive runtime dependency,Apache-2.0,pkg:pypi/boto3@1.42.30,Regensburg_DigitalerEnergieZwilling_AirflowDAGs/.airflow-env installed package metadata,Generated from installed distribution metadata by cyclonedx-bom.
Regensburg_DigitalerEnergieZwilling_AirflowDAGs,library,PyPI,botocore,1.42.30,runtime/build,transitive runtime dependency,Apache-2.0,pkg:pypi/botocore@1.42.30,Regensburg_DigitalerEnergieZwilling_AirflowDAGs/.airflow-env installed package metadata,Generated from installed distribution metadata by cyclonedx-bom.
Regensburg_DigitalerEnergieZwilling_AirflowDAGs,library,PyPI,cadwyn,5.4.6,runtime/build,transitive runtime dependency,MIT,pkg:pypi/cadwyn@5.4.6,Regensburg_DigitalerEnergieZwilling_AirflowDAGs/.airflow-env installed package metadata,Generated from installed distribution metadata by cyclonedx-bom.
Regensburg_DigitalerEnergieZwilling_AirflowDAGs,library,PyPI,certifi,2026.1.4,runtime/build,transitive runtime dependency,MPL-2.0 AND License :: OSI Approved :: Mozilla Public License 2.0 (MPL 2.0),pkg:pypi/certifi@2026.1.4,Regensburg_DigitalerEnergieZwilling_AirflowDAGs/.airflow-env installed package metadata,Generated from installed distribution metadata by cyclonedx-bom.
Regensburg_DigitalerEnergieZwilling_AirflowDAGs,library,PyPI,cffi,2.0.0,runtime/build,transitive runtime dependency,MIT,pkg:pypi/cffi@2.0.0,Regensburg_DigitalerEnergieZwilling_AirflowDAGs/.airflow-env installed package metadata,Generated from installed distribution metadata by cyclonedx-bom.
Regensburg_DigitalerEnergieZwilling_AirflowDAGs,library,PyPI,charset-normalizer,3.4.4,runtime/build,transitive runtime dependency,MIT,pkg:pypi/charset-normalizer@3.4.4,Regensburg_DigitalerEnergieZwilling_AirflowDAGs/.airflow-env installed package metadata,Generated from installed distribution metadata by cyclonedx-bom.
Regensburg_DigitalerEnergieZwilling_AirflowDAGs,library,PyPI,click,8.3.1,runtime/build,transitive runtime dependency,BSD-3-Clause,pkg:pypi/click@8.3.1,Regensburg_DigitalerEnergieZwilling_AirflowDAGs/.airflow-env installed package metadata,Generated from installed distribution metadata by cyclonedx-bom.
Regensburg_DigitalerEnergieZwilling_AirflowDAGs,library,PyPI,colorlog,6.10.1,runtime/build,transitive runtime dependency,MIT,pkg:pypi/colorlog@6.10.1,Regensburg_DigitalerEnergieZwilling_AirflowDAGs/.airflow-env installed package metadata,Generated from installed distribution metadata by cyclonedx-bom.
Regensburg_DigitalerEnergieZwilling_AirflowDAGs,library,PyPI,cron_descriptor,2.0.6,runtime/build,transitive runtime dependency,MIT,pkg:pypi/cron-descriptor@2.0.6,Regensburg_DigitalerEnergieZwilling_AirflowDAGs/.airflow-env installed package metadata,Generated from installed distribution metadata by cyclonedx-bom.
Regensburg_DigitalerEnergieZwilling_AirflowDAGs,library,PyPI,croniter,6.0.0,runtime/build,transitive runtime dependency,MIT,pkg:pypi/croniter@6.0.0,Regensburg_DigitalerEnergieZwilling_AirflowDAGs/.airflow-env installed package metadata,Generated from installed distribution metadata by cyclonedx-bom.
Regensburg_DigitalerEnergieZwilling_AirflowDAGs,library,PyPI,cryptography,42.0.8,runtime/build,transitive runtime dependency,Apache-2.0 OR BSD-3-Clause,pkg:pypi/cryptography@42.0.8,Regensburg_DigitalerEnergieZwilling_AirflowDAGs/.airflow-env installed package metadata,Generated from installed distribution metadata by cyclonedx-bom.
Regensburg_DigitalerEnergieZwilling_AirflowDAGs,library,PyPI,Deprecated,1.3.1,runtime/build,transitive runtime dependency,MIT,pkg:pypi/deprecated@1.3.1,Regensburg_DigitalerEnergieZwilling_AirflowDAGs/.airflow-env installed package metadata,Generated from installed distribution metadata by cyclonedx-bom.
Regensburg_DigitalerEnergieZwilling_AirflowDAGs,library,PyPI,dill,0.4.1,runtime/build,transitive runtime dependency,BSD-3-Clause AND License :: OSI Approved :: BSD License,pkg:pypi/dill@0.4.1,Regensburg_DigitalerEnergieZwilling_AirflowDAGs/.airflow-env installed package metadata,Generated from installed distribution metadata by cyclonedx-bom.
Regensburg_DigitalerEnergieZwilling_AirflowDAGs,library,PyPI,dnspython,2.8.0,runtime/build,transitive runtime dependency,ISC,pkg:pypi/dnspython@2.8.0,Regensburg_DigitalerEnergieZwilling_AirflowDAGs/.airflow-env installed package metadata,Generated from installed distribution metadata by cyclonedx-bom.
Regensburg_DigitalerEnergieZwilling_AirflowDAGs,library,PyPI,docker,7.1.0,runtime/build,transitive runtime dependency,Apache-2.0,pkg:pypi/docker@7.1.0,Regensburg_DigitalerEnergieZwilling_AirflowDAGs/.airflow-env installed package metadata,Generated from installed distribution metadata by cyclonedx-bom.
Regensburg_DigitalerEnergieZwilling_AirflowDAGs,library,PyPI,email-validator,2.3.0,runtime/build,transitive runtime dependency,Unlicense,pkg:pypi/email-validator@2.3.0,Regensburg_DigitalerEnergieZwilling_AirflowDAGs/.airflow-env installed package metadata,Generated from installed distribution metadata by cyclonedx-bom.
Regensburg_DigitalerEnergieZwilling_AirflowDAGs,library,PyPI,fastapi,0.117.1,runtime/build,transitive runtime dependency,MIT,pkg:pypi/fastapi@0.117.1,Regensburg_DigitalerEnergieZwilling_AirflowDAGs/.airflow-env installed package metadata,Generated from installed distribution metadata by cyclonedx-bom.
Regensburg_DigitalerEnergieZwilling_AirflowDAGs,library,PyPI,fastapi-cli,0.0.20,runtime/build,transitive runtime dependency,MIT,pkg:pypi/fastapi-cli@0.0.20,Regensburg_DigitalerEnergieZwilling_AirflowDAGs/.airflow-env installed package metadata,Generated from installed distribution metadata by cyclonedx-bom.
Regensburg_DigitalerEnergieZwilling_AirflowDAGs,library,PyPI,frozenlist,1.8.0,runtime/build,transitive runtime dependency,Apache-2.0,pkg:pypi/frozenlist@1.8.0,Regensburg_DigitalerEnergieZwilling_AirflowDAGs/.airflow-env installed package metadata,Generated from installed distribution metadata by cyclonedx-bom.
Regensburg_DigitalerEnergieZwilling_AirflowDAGs,library,PyPI,fsspec,2026.1.0,runtime/build,transitive runtime dependency,BSD-3-Clause,pkg:pypi/fsspec@2026.1.0,Regensburg_DigitalerEnergieZwilling_AirflowDAGs/.airflow-env installed package metadata,Generated from installed distribution metadata by cyclonedx-bom.
Regensburg_DigitalerEnergieZwilling_AirflowDAGs,library,PyPI,googleapis-common-protos,1.72.0,runtime/build,transitive runtime dependency,License :: OSI Approved :: Apache Software License,pkg:pypi/googleapis-common-protos@1.72.0,Regensburg_DigitalerEnergieZwilling_AirflowDAGs/.airflow-env installed package metadata,Generated from installed distribution metadata by cyclonedx-bom.
Regensburg_DigitalerEnergieZwilling_AirflowDAGs,library,PyPI,greenback,1.3.0,runtime/build,transitive runtime dependency,MIT AND License :: OSI Approved :: Apache Software License,pkg:pypi/greenback@1.3.0,Regensburg_DigitalerEnergieZwilling_AirflowDAGs/.airflow-env installed package metadata,Generated from installed distribution metadata by cyclonedx-bom.
Regensburg_DigitalerEnergieZwilling_AirflowDAGs,library,PyPI,greenlet,3.3.1,runtime/build,transitive runtime dependency,MIT AND Python-2.0,pkg:pypi/greenlet@3.3.1,Regensburg_DigitalerEnergieZwilling_AirflowDAGs/.airflow-env installed package metadata,Generated from installed distribution metadata by cyclonedx-bom.
Regensburg_DigitalerEnergieZwilling_AirflowDAGs,library,PyPI,grpcio,1.65.5,runtime/build,transitive runtime dependency,License :: OSI Approved :: Apache Software License,pkg:pypi/grpcio@1.65.5,Regensburg_DigitalerEnergieZwilling_AirflowDAGs/.airflow-env installed package metadata,Generated from installed distribution metadata by cyclonedx-bom.
Regensburg_DigitalerEnergieZwilling_AirflowDAGs,library,PyPI,h11,0.16.0,runtime/build,transitive runtime dependency,MIT,pkg:pypi/h11@0.16.0,Regensburg_DigitalerEnergieZwilling_AirflowDAGs/.airflow-env installed package metadata,Generated from installed distribution metadata by cyclonedx-bom.
Regensburg_DigitalerEnergieZwilling_AirflowDAGs,library,PyPI,httpcore,1.0.9,runtime/build,transitive runtime dependency,BSD-3-Clause,pkg:pypi/httpcore@1.0.9,Regensburg_DigitalerEnergieZwilling_AirflowDAGs/.airflow-env installed package metadata,Generated from installed distribution metadata by cyclonedx-bom.
Regensburg_DigitalerEnergieZwilling_AirflowDAGs,library,PyPI,httptools,0.7.1,runtime/build,transitive runtime dependency,MIT,pkg:pypi/httptools@0.7.1,Regensburg_DigitalerEnergieZwilling_AirflowDAGs/.airflow-env installed package metadata,Generated from installed distribution metadata by cyclonedx-bom.
Regensburg_DigitalerEnergieZwilling_AirflowDAGs,library,PyPI,httpx,0.28.1,runtime/build,transitive runtime dependency,BSD-3-Clause AND License :: OSI Approved :: BSD License,pkg:pypi/httpx@0.28.1,Regensburg_DigitalerEnergieZwilling_AirflowDAGs/.airflow-env installed package metadata,Generated from installed distribution metadata by cyclonedx-bom.
Regensburg_DigitalerEnergieZwilling_AirflowDAGs,library,PyPI,idna,3.11,runtime/build,transitive runtime dependency,BSD-3-Clause,pkg:pypi/idna@3.11,Regensburg_DigitalerEnergieZwilling_AirflowDAGs/.airflow-env installed package metadata,Generated from installed distribution metadata by cyclonedx-bom.
Regensburg_DigitalerEnergieZwilling_AirflowDAGs,library,PyPI,importlib_metadata,8.4.0,runtime/build,transitive runtime dependency,License :: OSI Approved :: Apache Software License,pkg:pypi/importlib-metadata@8.4.0,Regensburg_DigitalerEnergieZwilling_AirflowDAGs/.airflow-env installed package metadata,Generated from installed distribution metadata by cyclonedx-bom.
Regensburg_DigitalerEnergieZwilling_AirflowDAGs,library,PyPI,inflection,0.5.1,runtime/build,transitive runtime dependency,MIT,pkg:pypi/inflection@0.5.1,Regensburg_DigitalerEnergieZwilling_AirflowDAGs/.airflow-env installed package metadata,Generated from installed distribution metadata by cyclonedx-bom.
Regensburg_DigitalerEnergieZwilling_AirflowDAGs,library,PyPI,itsdangerous,2.2.0,runtime/build,transitive runtime dependency,License :: OSI Approved :: BSD License,pkg:pypi/itsdangerous@2.2.0,Regensburg_DigitalerEnergieZwilling_AirflowDAGs/.airflow-env installed package metadata,Generated from installed distribution metadata by cyclonedx-bom.
Regensburg_DigitalerEnergieZwilling_AirflowDAGs,library,PyPI,Jinja2,3.1.6,runtime/build,transitive runtime dependency,License :: OSI Approved :: BSD License,pkg:pypi/jinja2@3.1.6,Regensburg_DigitalerEnergieZwilling_AirflowDAGs/.airflow-env installed package metadata,Generated from installed distribution metadata by cyclonedx-bom.
Regensburg_DigitalerEnergieZwilling_AirflowDAGs,library,PyPI,jmespath,0.10.0,runtime/build,transitive runtime dependency,MIT,pkg:pypi/jmespath@0.10.0,Regensburg_DigitalerEnergieZwilling_AirflowDAGs/.airflow-env installed package metadata,Generated from installed distribution metadata by cyclonedx-bom.
Regensburg_DigitalerEnergieZwilling_AirflowDAGs,library,PyPI,jsonpath-ng,1.7.0,runtime/build,transitive runtime dependency,License :: OSI Approved :: Apache Software License,pkg:pypi/jsonpath-ng@1.7.0,Regensburg_DigitalerEnergieZwilling_AirflowDAGs/.airflow-env installed package metadata,Generated from installed distribution metadata by cyclonedx-bom.
Regensburg_DigitalerEnergieZwilling_AirflowDAGs,library,PyPI,jsonschema,4.26.0,runtime/build,transitive runtime dependency,MIT,pkg:pypi/jsonschema@4.26.0,Regensburg_DigitalerEnergieZwilling_AirflowDAGs/.airflow-env installed package metadata,Generated from installed distribution metadata by cyclonedx-bom.
Regensburg_DigitalerEnergieZwilling_AirflowDAGs,library,PyPI,jsonschema-specifications,2025.9.1,runtime/build,transitive runtime dependency,MIT,pkg:pypi/jsonschema-specifications@2025.9.1,Regensburg_DigitalerEnergieZwilling_AirflowDAGs/.airflow-env installed package metadata,Generated from installed distribution metadata by cyclonedx-bom.
Regensburg_DigitalerEnergieZwilling_AirflowDAGs,library,PyPI,lazy-object-proxy,1.12.0,runtime/build,transitive runtime dependency,BSD-2-Clause,pkg:pypi/lazy-object-proxy@1.12.0,Regensburg_DigitalerEnergieZwilling_AirflowDAGs/.airflow-env installed package metadata,Generated from installed distribution metadata by cyclonedx-bom.
Regensburg_DigitalerEnergieZwilling_AirflowDAGs,library,PyPI,libcst,1.8.6,runtime/build,transitive runtime dependency,MIT,pkg:pypi/libcst@1.8.6,Regensburg_DigitalerEnergieZwilling_AirflowDAGs/.airflow-env installed package metadata,Generated from installed distribution metadata by cyclonedx-bom.
Regensburg_DigitalerEnergieZwilling_AirflowDAGs,library,PyPI,linkify-it-py,2.0.3,runtime/build,transitive runtime dependency,MIT,pkg:pypi/linkify-it-py@2.0.3,Regensburg_DigitalerEnergieZwilling_AirflowDAGs/.airflow-env installed package metadata,Generated from installed distribution metadata by cyclonedx-bom.
Regensburg_DigitalerEnergieZwilling_AirflowDAGs,library,PyPI,lockfile,0.12.2,runtime/build,transitive runtime dependency,MIT,pkg:pypi/lockfile@0.12.2,Regensburg_DigitalerEnergieZwilling_AirflowDAGs/.airflow-env installed package metadata,Generated from installed distribution metadata by cyclonedx-bom.
Regensburg_DigitalerEnergieZwilling_AirflowDAGs,library,PyPI,lxml,6.0.2,runtime/build,transitive runtime dependency,BSD-3-Clause,pkg:pypi/lxml@6.0.2,Regensburg_DigitalerEnergieZwilling_AirflowDAGs/.airflow-env installed package metadata,Generated from installed distribution metadata by cyclonedx-bom.
Regensburg_DigitalerEnergieZwilling_AirflowDAGs,library,PyPI,Mako,1.3.10,runtime/build,transitive runtime dependency,MIT,pkg:pypi/mako@1.3.10,Regensburg_DigitalerEnergieZwilling_AirflowDAGs/.airflow-env installed package metadata,Generated from installed distribution metadata by cyclonedx-bom.
Regensburg_DigitalerEnergieZwilling_AirflowDAGs,library,PyPI,markdown-it-py,4.0.0,runtime/build,transitive runtime dependency,MIT,pkg:pypi/markdown-it-py@4.0.0,Regensburg_DigitalerEnergieZwilling_AirflowDAGs/.airflow-env installed package metadata,Generated from installed distribution metadata by cyclonedx-bom.
Regensburg_DigitalerEnergieZwilling_AirflowDAGs,library,PyPI,MarkupSafe,3.0.3,runtime/build,transitive runtime dependency,BSD-3-Clause,pkg:pypi/markupsafe@3.0.3,Regensburg_DigitalerEnergieZwilling_AirflowDAGs/.airflow-env installed package metadata,Generated from installed distribution metadata by cyclonedx-bom.
Regensburg_DigitalerEnergieZwilling_AirflowDAGs,library,PyPI,marshmallow,3.26.2,runtime/build,transitive runtime dependency,MIT,pkg:pypi/marshmallow@3.26.2,Regensburg_DigitalerEnergieZwilling_AirflowDAGs/.airflow-env installed package metadata,Generated from installed distribution metadata by cyclonedx-bom.
Regensburg_DigitalerEnergieZwilling_AirflowDAGs,library,PyPI,mdurl,0.1.2,runtime/build,transitive runtime dependency,MIT,pkg:pypi/mdurl@0.1.2,Regensburg_DigitalerEnergieZwilling_AirflowDAGs/.airflow-env installed package metadata,Generated from installed distribution metadata by cyclonedx-bom.
Regensburg_DigitalerEnergieZwilling_AirflowDAGs,library,PyPI,methodtools,0.4.7,runtime/build,transitive runtime dependency,License :: OSI Approved :: BSD License,pkg:pypi/methodtools@0.4.7,Regensburg_DigitalerEnergieZwilling_AirflowDAGs/.airflow-env installed package metadata,Generated from installed distribution metadata by cyclonedx-bom.
Regensburg_DigitalerEnergieZwilling_AirflowDAGs,library,PyPI,more-itertools,10.8.0,runtime/build,transitive runtime dependency,MIT,pkg:pypi/more-itertools@10.8.0,Regensburg_DigitalerEnergieZwilling_AirflowDAGs/.airflow-env installed package metadata,Generated from installed distribution metadata by cyclonedx-bom.
Regensburg_DigitalerEnergieZwilling_AirflowDAGs,library,PyPI,msgspec,0.20.0,runtime/build,transitive runtime dependency,BSD-3-Clause,pkg:pypi/msgspec@0.20.0,Regensburg_DigitalerEnergieZwilling_AirflowDAGs/.airflow-env installed package metadata,Generated from installed distribution metadata by cyclonedx-bom.
Regensburg_DigitalerEnergieZwilling_AirflowDAGs,library,PyPI,multidict,6.7.1,runtime/build,transitive runtime dependency,NOASSERTION,pkg:pypi/multidict@6.7.1,Regensburg_DigitalerEnergieZwilling_AirflowDAGs/.airflow-env installed package metadata,Generated from installed distribution metadata by cyclonedx-bom.
Regensburg_DigitalerEnergieZwilling_AirflowDAGs,library,PyPI,natsort,8.4.0,runtime/build,transitive runtime dependency,MIT,pkg:pypi/natsort@8.4.0,Regensburg_DigitalerEnergieZwilling_AirflowDAGs/.airflow-env installed package metadata,Generated from installed distribution metadata by cyclonedx-bom.
Regensburg_DigitalerEnergieZwilling_AirflowDAGs,library,PyPI,opentelemetry-api,1.27.0,runtime/build,transitive runtime dependency,Apache-2.0 AND License :: OSI Approved :: Apache Software License,pkg:pypi/opentelemetry-api@1.27.0,Regensburg_DigitalerEnergieZwilling_AirflowDAGs/.airflow-env installed package metadata,Generated from installed distribution metadata by cyclonedx-bom.
Regensburg_DigitalerEnergieZwilling_AirflowDAGs,library,PyPI,opentelemetry-exporter-otlp,1.27.0,runtime/build,transitive runtime dependency,Apache-2.0 AND License :: OSI Approved :: Apache Software License,pkg:pypi/opentelemetry-exporter-otlp@1.27.0,Regensburg_DigitalerEnergieZwilling_AirflowDAGs/.airflow-env installed package metadata,Generated from installed distribution metadata by cyclonedx-bom.
Regensburg_DigitalerEnergieZwilling_AirflowDAGs,library,PyPI,opentelemetry-exporter-otlp-proto-common,1.27.0,runtime/build,transitive runtime dependency,Apache-2.0 AND License :: OSI Approved :: Apache Software License,pkg:pypi/opentelemetry-exporter-otlp-proto-common@1.27.0,Regensburg_DigitalerEnergieZwilling_AirflowDAGs/.airflow-env installed package metadata,Generated from installed distribution metadata by cyclonedx-bom.
Regensburg_DigitalerEnergieZwilling_AirflowDAGs,library,PyPI,opentelemetry-exporter-otlp-proto-grpc,1.27.0,runtime/build,transitive runtime dependency,Apache-2.0 AND License :: OSI Approved :: Apache Software License,pkg:pypi/opentelemetry-exporter-otlp-proto-grpc@1.27.0,Regensburg_DigitalerEnergieZwilling_AirflowDAGs/.airflow-env installed package metadata,Generated from installed distribution metadata by cyclonedx-bom.
Regensburg_DigitalerEnergieZwilling_AirflowDAGs,library,PyPI,opentelemetry-exporter-otlp-proto-http,1.27.0,runtime/build,transitive runtime dependency,Apache-2.0 AND License :: OSI Approved :: Apache Software License,pkg:pypi/opentelemetry-exporter-otlp-proto-http@1.27.0,Regensburg_DigitalerEnergieZwilling_AirflowDAGs/.airflow-env installed package metadata,Generated from installed distribution metadata by cyclonedx-bom.
Regensburg_DigitalerEnergieZwilling_AirflowDAGs,library,PyPI,opentelemetry-proto,1.27.0,runtime/build,transitive runtime dependency,Apache-2.0 AND License :: OSI Approved :: Apache Software License,pkg:pypi/opentelemetry-proto@1.27.0,Regensburg_DigitalerEnergieZwilling_AirflowDAGs/.airflow-env installed package metadata,Generated from installed distribution metadata by cyclonedx-bom.
Regensburg_DigitalerEnergieZwilling_AirflowDAGs,library,PyPI,opentelemetry-sdk,1.27.0,runtime/build,transitive runtime dependency,Apache-2.0 AND License :: OSI Approved :: Apache Software License,pkg:pypi/opentelemetry-sdk@1.27.0,Regensburg_DigitalerEnergieZwilling_AirflowDAGs/.airflow-env installed package metadata,Generated from installed distribution metadata by cyclonedx-bom.
Regensburg_DigitalerEnergieZwilling_AirflowDAGs,library,PyPI,opentelemetry-semantic-conventions,0.48b0,runtime/build,transitive runtime dependency,Apache-2.0 AND License :: OSI Approved :: Apache Software License,pkg:pypi/opentelemetry-semantic-conventions@0.48b0,Regensburg_DigitalerEnergieZwilling_AirflowDAGs/.airflow-env installed package metadata,Generated from installed distribution metadata by cyclonedx-bom.
Regensburg_DigitalerEnergieZwilling_AirflowDAGs,library,PyPI,outcome,1.3.0.post0,runtime/build,transitive runtime dependency,MIT OR Apache-2.0,pkg:pypi/outcome@1.3.0.post0,Regensburg_DigitalerEnergieZwilling_AirflowDAGs/.airflow-env installed package metadata,Generated from installed distribution metadata by cyclonedx-bom.
Regensburg_DigitalerEnergieZwilling_AirflowDAGs,library,PyPI,packaging,26.0,runtime/build,transitive runtime dependency,Apache-2.0 OR BSD-2-Clause,pkg:pypi/packaging@26.0,Regensburg_DigitalerEnergieZwilling_AirflowDAGs/.airflow-env installed package metadata,Generated from installed distribution metadata by cyclonedx-bom.
Regensburg_DigitalerEnergieZwilling_AirflowDAGs,library,PyPI,pathspec,1.0.4,runtime/build,transitive runtime dependency,License :: OSI Approved :: Mozilla Public License 2.0 (MPL 2.0),pkg:pypi/pathspec@1.0.4,Regensburg_DigitalerEnergieZwilling_AirflowDAGs/.airflow-env installed package metadata,Generated from installed distribution metadata by cyclonedx-bom.
Regensburg_DigitalerEnergieZwilling_AirflowDAGs,library,PyPI,pendulum,3.2.0,runtime/build,transitive runtime dependency,MIT,pkg:pypi/pendulum@3.2.0,Regensburg_DigitalerEnergieZwilling_AirflowDAGs/.airflow-env installed package metadata,Generated from installed distribution metadata by cyclonedx-bom.
Regensburg_DigitalerEnergieZwilling_AirflowDAGs,library,PyPI,pip,26.0.1,runtime/build,transitive runtime dependency,MIT,pkg:pypi/pip@26.0.1,Regensburg_DigitalerEnergieZwilling_AirflowDAGs/.airflow-env installed package metadata,Generated from installed distribution metadata by cyclonedx-bom.
Regensburg_DigitalerEnergieZwilling_AirflowDAGs,library,PyPI,pluggy,1.6.0,runtime/build,transitive runtime dependency,MIT,pkg:pypi/pluggy@1.6.0,Regensburg_DigitalerEnergieZwilling_AirflowDAGs/.airflow-env installed package metadata,Generated from installed distribution metadata by cyclonedx-bom.
Regensburg_DigitalerEnergieZwilling_AirflowDAGs,library,PyPI,ply,3.11,runtime/build,transitive runtime dependency,NOASSERTION,pkg:pypi/ply@3.11,Regensburg_DigitalerEnergieZwilling_AirflowDAGs/.airflow-env installed package metadata,Generated from installed distribution metadata by cyclonedx-bom.
Regensburg_DigitalerEnergieZwilling_AirflowDAGs,library,PyPI,propcache,0.4.1,runtime/build,transitive runtime dependency,Apache-2.0 AND License :: OSI Approved :: Apache Software License,pkg:pypi/propcache@0.4.1,Regensburg_DigitalerEnergieZwilling_AirflowDAGs/.airflow-env installed package metadata,Generated from installed distribution metadata by cyclonedx-bom.
Regensburg_DigitalerEnergieZwilling_AirflowDAGs,library,PyPI,protobuf,4.25.8,runtime/build,transitive runtime dependency,NOASSERTION,pkg:pypi/protobuf@4.25.8,Regensburg_DigitalerEnergieZwilling_AirflowDAGs/.airflow-env installed package metadata,Generated from installed distribution metadata by cyclonedx-bom.
Regensburg_DigitalerEnergieZwilling_AirflowDAGs,library,PyPI,psutil,7.2.2,runtime/build,transitive runtime dependency,BSD-3-Clause,pkg:pypi/psutil@7.2.2,Regensburg_DigitalerEnergieZwilling_AirflowDAGs/.airflow-env installed package metadata,Generated from installed distribution metadata by cyclonedx-bom.
Regensburg_DigitalerEnergieZwilling_AirflowDAGs,library,PyPI,PyAthena,3.26.0,runtime/build,transitive runtime dependency,MIT,pkg:pypi/pyathena@3.26.0,Regensburg_DigitalerEnergieZwilling_AirflowDAGs/.airflow-env installed package metadata,Generated from installed distribution metadata by cyclonedx-bom.
Regensburg_DigitalerEnergieZwilling_AirflowDAGs,library,PyPI,pycparser,3.0,runtime/build,transitive runtime dependency,BSD-3-Clause,pkg:pypi/pycparser@3.0,Regensburg_DigitalerEnergieZwilling_AirflowDAGs/.airflow-env installed package metadata,Generated from installed distribution metadata by cyclonedx-bom.
Regensburg_DigitalerEnergieZwilling_AirflowDAGs,library,PyPI,pydantic,2.12.5,runtime/build,transitive runtime dependency,MIT,pkg:pypi/pydantic@2.12.5,Regensburg_DigitalerEnergieZwilling_AirflowDAGs/.airflow-env installed package metadata,Generated from installed distribution metadata by cyclonedx-bom.
Regensburg_DigitalerEnergieZwilling_AirflowDAGs,library,PyPI,pydantic_core,2.41.5,runtime/build,transitive runtime dependency,MIT,pkg:pypi/pydantic-core@2.41.5,Regensburg_DigitalerEnergieZwilling_AirflowDAGs/.airflow-env installed package metadata,Generated from installed distribution metadata by cyclonedx-bom.
Regensburg_DigitalerEnergieZwilling_AirflowDAGs,library,PyPI,Pygments,2.19.2,runtime/build,transitive runtime dependency,BSD-2-Clause AND License :: OSI Approved :: BSD License,pkg:pypi/pygments@2.19.2,Regensburg_DigitalerEnergieZwilling_AirflowDAGs/.airflow-env installed package metadata,Generated from installed distribution metadata by cyclonedx-bom.
Regensburg_DigitalerEnergieZwilling_AirflowDAGs,library,PyPI,pygtrie,2.5.0,runtime/build,transitive runtime dependency,Apache-2.0 AND License :: OSI Approved :: Apache Software License,pkg:pypi/pygtrie@2.5.0,Regensburg_DigitalerEnergieZwilling_AirflowDAGs/.airflow-env installed package metadata,Generated from installed distribution metadata by cyclonedx-bom.
Regensburg_DigitalerEnergieZwilling_AirflowDAGs,library,PyPI,PyJWT,2.11.0,runtime/build,transitive runtime dependency,MIT,pkg:pypi/pyjwt@2.11.0,Regensburg_DigitalerEnergieZwilling_AirflowDAGs/.airflow-env installed package metadata,Generated from installed distribution metadata by cyclonedx-bom.
Regensburg_DigitalerEnergieZwilling_AirflowDAGs,library,PyPI,python-daemon,3.1.2,runtime/build,transitive runtime dependency,License :: OSI Approved :: Apache Software License,pkg:pypi/python-daemon@3.1.2,Regensburg_DigitalerEnergieZwilling_AirflowDAGs/.airflow-env installed package metadata,Generated from installed distribution metadata by cyclonedx-bom.
Regensburg_DigitalerEnergieZwilling_AirflowDAGs,library,PyPI,python-dateutil,2.9.0.post0,runtime/build,transitive runtime dependency,License :: OSI Approved :: Apache Software License AND License :: OSI Approved :: BSD License,pkg:pypi/python-dateutil@2.9.0.post0,Regensburg_DigitalerEnergieZwilling_AirflowDAGs/.airflow-env installed package metadata,Generated from installed distribution metadata by cyclonedx-bom.
Regensburg_DigitalerEnergieZwilling_AirflowDAGs,library,PyPI,python-dotenv,1.2.1,runtime/build,direct runtime dependency,BSD-3-Clause,pkg:pypi/python-dotenv@1.2.1,Regensburg_DigitalerEnergieZwilling_AirflowDAGs/requirements.txt,Generated from installed distribution metadata by cyclonedx-bom.
Regensburg_DigitalerEnergieZwilling_AirflowDAGs,library,PyPI,python-multipart,0.0.22,runtime/build,transitive runtime dependency,Apache-2.0,pkg:pypi/python-multipart@0.0.22,Regensburg_DigitalerEnergieZwilling_AirflowDAGs/.airflow-env installed package metadata,Generated from installed distribution metadata by cyclonedx-bom.
Regensburg_DigitalerEnergieZwilling_AirflowDAGs,library,PyPI,python-slugify,8.0.4,runtime/build,transitive runtime dependency,MIT,pkg:pypi/python-slugify@8.0.4,Regensburg_DigitalerEnergieZwilling_AirflowDAGs/.airflow-env installed package metadata,Generated from installed distribution metadata by cyclonedx-bom.
Regensburg_DigitalerEnergieZwilling_AirflowDAGs,library,PyPI,pytz,2025.2,runtime/build,transitive runtime dependency,MIT,pkg:pypi/pytz@2025.2,Regensburg_DigitalerEnergieZwilling_AirflowDAGs/.airflow-env installed package metadata,Generated from installed distribution metadata by cyclonedx-bom.
Regensburg_DigitalerEnergieZwilling_AirflowDAGs,library,PyPI,PyYAML,6.0.3,runtime/build,transitive runtime dependency,MIT,pkg:pypi/pyyaml@6.0.3,Regensburg_DigitalerEnergieZwilling_AirflowDAGs/.airflow-env installed package metadata,Generated from installed distribution metadata by cyclonedx-bom.
Regensburg_DigitalerEnergieZwilling_AirflowDAGs,library,PyPI,redshift-connector,2.1.7,runtime/build,transitive runtime dependency,License :: OSI Approved :: BSD License,pkg:pypi/redshift-connector@2.1.7,Regensburg_DigitalerEnergieZwilling_AirflowDAGs/.airflow-env installed package metadata,Generated from installed distribution metadata by cyclonedx-bom.
Regensburg_DigitalerEnergieZwilling_AirflowDAGs,library,PyPI,referencing,0.37.0,runtime/build,transitive runtime dependency,MIT,pkg:pypi/referencing@0.37.0,Regensburg_DigitalerEnergieZwilling_AirflowDAGs/.airflow-env installed package metadata,Generated from installed distribution metadata by cyclonedx-bom.
Regensburg_DigitalerEnergieZwilling_AirflowDAGs,library,PyPI,requests,2.32.5,runtime/build,transitive runtime dependency,Apache-2.0 AND License :: OSI Approved :: Apache Software License,pkg:pypi/requests@2.32.5,Regensburg_DigitalerEnergieZwilling_AirflowDAGs/.airflow-env installed package metadata,Generated from installed distribution metadata by cyclonedx-bom.
Regensburg_DigitalerEnergieZwilling_AirflowDAGs,library,PyPI,requests-toolbelt,1.0.0,runtime/build,transitive runtime dependency,License :: OSI Approved :: Apache Software License,pkg:pypi/requests-toolbelt@1.0.0,Regensburg_DigitalerEnergieZwilling_AirflowDAGs/.airflow-env installed package metadata,Generated from installed distribution metadata by cyclonedx-bom.
Regensburg_DigitalerEnergieZwilling_AirflowDAGs,library,PyPI,rich,13.9.4,runtime/build,transitive runtime dependency,MIT,pkg:pypi/rich@13.9.4,Regensburg_DigitalerEnergieZwilling_AirflowDAGs/.airflow-env installed package metadata,Generated from installed distribution metadata by cyclonedx-bom.
Regensburg_DigitalerEnergieZwilling_AirflowDAGs,library,PyPI,rich-argparse,1.7.2,runtime/build,transitive runtime dependency,MIT,pkg:pypi/rich-argparse@1.7.2,Regensburg_DigitalerEnergieZwilling_AirflowDAGs/.airflow-env installed package metadata,Generated from installed distribution metadata by cyclonedx-bom.
Regensburg_DigitalerEnergieZwilling_AirflowDAGs,library,PyPI,rich-toolkit,0.18.1,runtime/build,transitive runtime dependency,MIT,pkg:pypi/rich-toolkit@0.18.1,Regensburg_DigitalerEnergieZwilling_AirflowDAGs/.airflow-env installed package metadata,Generated from installed distribution metadata by cyclonedx-bom.
Regensburg_DigitalerEnergieZwilling_AirflowDAGs,library,PyPI,rpds-py,0.30.0,runtime/build,transitive runtime dependency,MIT,pkg:pypi/rpds-py@0.30.0,Regensburg_DigitalerEnergieZwilling_AirflowDAGs/.airflow-env installed package metadata,Generated from installed distribution metadata by cyclonedx-bom.
Regensburg_DigitalerEnergieZwilling_AirflowDAGs,library,PyPI,s3transfer,0.16.0,runtime/build,transitive runtime dependency,License :: OSI Approved :: Apache Software License,pkg:pypi/s3transfer@0.16.0,Regensburg_DigitalerEnergieZwilling_AirflowDAGs/.airflow-env installed package metadata,Generated from installed distribution metadata by cyclonedx-bom.
Regensburg_DigitalerEnergieZwilling_AirflowDAGs,library,PyPI,sagemaker_studio,1.0.23,runtime/build,transitive runtime dependency,License :: OSI Approved :: Apache Software License,pkg:pypi/sagemaker-studio@1.0.23,Regensburg_DigitalerEnergieZwilling_AirflowDAGs/.airflow-env installed package metadata,Generated from installed distribution metadata by cyclonedx-bom.
Regensburg_DigitalerEnergieZwilling_AirflowDAGs,library,PyPI,scramp,1.4.8,runtime/build,transitive runtime dependency,MIT-0,pkg:pypi/scramp@1.4.8,Regensburg_DigitalerEnergieZwilling_AirflowDAGs/.airflow-env installed package metadata,Generated from installed distribution metadata by cyclonedx-bom.
Regensburg_DigitalerEnergieZwilling_AirflowDAGs,library,PyPI,setproctitle,1.3.7,runtime/build,transitive runtime dependency,BSD-3-Clause AND License :: OSI Approved :: BSD License,pkg:pypi/setproctitle@1.3.7,Regensburg_DigitalerEnergieZwilling_AirflowDAGs/.airflow-env installed package metadata,Generated from installed distribution metadata by cyclonedx-bom.
Regensburg_DigitalerEnergieZwilling_AirflowDAGs,library,PyPI,setuptools,80.10.2,runtime/build,transitive runtime dependency,MIT,pkg:pypi/setuptools@80.10.2,Regensburg_DigitalerEnergieZwilling_AirflowDAGs/.airflow-env installed package metadata,Generated from installed distribution metadata by cyclonedx-bom.
Regensburg_DigitalerEnergieZwilling_AirflowDAGs,library,PyPI,shellingham,1.5.4,runtime/build,transitive runtime dependency,ISC,pkg:pypi/shellingham@1.5.4,Regensburg_DigitalerEnergieZwilling_AirflowDAGs/.airflow-env installed package metadata,Generated from installed distribution metadata by cyclonedx-bom.
Regensburg_DigitalerEnergieZwilling_AirflowDAGs,library,PyPI,six,1.17.0,runtime/build,transitive runtime dependency,MIT,pkg:pypi/six@1.17.0,Regensburg_DigitalerEnergieZwilling_AirflowDAGs/.airflow-env installed package metadata,Generated from installed distribution metadata by cyclonedx-bom.
Regensburg_DigitalerEnergieZwilling_AirflowDAGs,library,PyPI,sniffio,1.3.1,runtime/build,transitive runtime dependency,MIT OR Apache-2.0,pkg:pypi/sniffio@1.3.1,Regensburg_DigitalerEnergieZwilling_AirflowDAGs/.airflow-env installed package metadata,Generated from installed distribution metadata by cyclonedx-bom.
Regensburg_DigitalerEnergieZwilling_AirflowDAGs,library,PyPI,soupsieve,2.8.3,runtime/build,transitive runtime dependency,MIT,pkg:pypi/soupsieve@2.8.3,Regensburg_DigitalerEnergieZwilling_AirflowDAGs/.airflow-env installed package metadata,Generated from installed distribution metadata by cyclonedx-bom.
Regensburg_DigitalerEnergieZwilling_AirflowDAGs,library,PyPI,SQLAlchemy,2.0.46,runtime/build,transitive runtime dependency,MIT,pkg:pypi/sqlalchemy@2.0.46,Regensburg_DigitalerEnergieZwilling_AirflowDAGs/.airflow-env installed package metadata,Generated from installed distribution metadata by cyclonedx-bom.
Regensburg_DigitalerEnergieZwilling_AirflowDAGs,library,PyPI,SQLAlchemy-JSONField,1.0.2,runtime/build,transitive runtime dependency,Apache-2.0 AND License :: OSI Approved :: Apache Software License,pkg:pypi/sqlalchemy-jsonfield@1.0.2,Regensburg_DigitalerEnergieZwilling_AirflowDAGs/.airflow-env installed package metadata,Generated from installed distribution metadata by cyclonedx-bom.
Regensburg_DigitalerEnergieZwilling_AirflowDAGs,library,PyPI,SQLAlchemy-Utils,0.42.1,runtime/build,transitive runtime dependency,BSD-3-Clause,pkg:pypi/sqlalchemy-utils@0.42.1,Regensburg_DigitalerEnergieZwilling_AirflowDAGs/.airflow-env installed package metadata,Generated from installed distribution metadata by cyclonedx-bom.
Regensburg_DigitalerEnergieZwilling_AirflowDAGs,library,PyPI,sqlparse,0.5.5,runtime/build,transitive runtime dependency,License :: OSI Approved :: BSD License,pkg:pypi/sqlparse@0.5.5,Regensburg_DigitalerEnergieZwilling_AirflowDAGs/.airflow-env installed package metadata,Generated from installed distribution metadata by cyclonedx-bom.
Regensburg_DigitalerEnergieZwilling_AirflowDAGs,library,PyPI,starlette,0.48.0,runtime/build,transitive runtime dependency,BSD-3-Clause,pkg:pypi/starlette@0.48.0,Regensburg_DigitalerEnergieZwilling_AirflowDAGs/.airflow-env installed package metadata,Generated from installed distribution metadata by cyclonedx-bom.
Regensburg_DigitalerEnergieZwilling_AirflowDAGs,library,PyPI,structlog,25.5.0,runtime/build,transitive runtime dependency,MIT OR Apache-2.0,pkg:pypi/structlog@25.5.0,Regensburg_DigitalerEnergieZwilling_AirflowDAGs/.airflow-env installed package metadata,Generated from installed distribution metadata by cyclonedx-bom.
Regensburg_DigitalerEnergieZwilling_AirflowDAGs,library,PyPI,svcs,25.1.0,runtime/build,transitive runtime dependency,MIT,pkg:pypi/svcs@25.1.0,Regensburg_DigitalerEnergieZwilling_AirflowDAGs/.airflow-env installed package metadata,Generated from installed distribution metadata by cyclonedx-bom.
Regensburg_DigitalerEnergieZwilling_AirflowDAGs,library,PyPI,tabulate,0.9.0,runtime/build,transitive runtime dependency,MIT,pkg:pypi/tabulate@0.9.0,Regensburg_DigitalerEnergieZwilling_AirflowDAGs/.airflow-env installed package metadata,Generated from installed distribution metadata by cyclonedx-bom.
Regensburg_DigitalerEnergieZwilling_AirflowDAGs,library,PyPI,tenacity,9.1.2,runtime/build,transitive runtime dependency,License :: OSI Approved :: Apache Software License,pkg:pypi/tenacity@9.1.2,Regensburg_DigitalerEnergieZwilling_AirflowDAGs/.airflow-env installed package metadata,Generated from installed distribution metadata by cyclonedx-bom.
Regensburg_DigitalerEnergieZwilling_AirflowDAGs,library,PyPI,termcolor,3.3.0,runtime/build,transitive runtime dependency,MIT,pkg:pypi/termcolor@3.3.0,Regensburg_DigitalerEnergieZwilling_AirflowDAGs/.airflow-env installed package metadata,Generated from installed distribution metadata by cyclonedx-bom.
Regensburg_DigitalerEnergieZwilling_AirflowDAGs,library,PyPI,text-unidecode,1.3,runtime/build,transitive runtime dependency,GPL-2.0-or-later AND License :: OSI Approved :: Artistic License AND License :: OSI Approved :: GNU General Public License (GPL),pkg:pypi/text-unidecode@1.3,Regensburg_DigitalerEnergieZwilling_AirflowDAGs/.airflow-env installed package metadata,Generated from installed distribution metadata by cyclonedx-bom.
Regensburg_DigitalerEnergieZwilling_AirflowDAGs,library,PyPI,typer,0.21.1,runtime/build,transitive runtime dependency,MIT,pkg:pypi/typer@0.21.1,Regensburg_DigitalerEnergieZwilling_AirflowDAGs/.airflow-env installed package metadata,Generated from installed distribution metadata by cyclonedx-bom.
Regensburg_DigitalerEnergieZwilling_AirflowDAGs,library,PyPI,typing-inspection,0.4.2,runtime/build,transitive runtime dependency,MIT,pkg:pypi/typing-inspection@0.4.2,Regensburg_DigitalerEnergieZwilling_AirflowDAGs/.airflow-env installed package metadata,Generated from installed distribution metadata by cyclonedx-bom.
Regensburg_DigitalerEnergieZwilling_AirflowDAGs,library,PyPI,typing_extensions,4.15.0,runtime/build,transitive runtime dependency,PSF-2.0,pkg:pypi/typing-extensions@4.15.0,Regensburg_DigitalerEnergieZwilling_AirflowDAGs/.airflow-env installed package metadata,Generated from installed distribution metadata by cyclonedx-bom.
Regensburg_DigitalerEnergieZwilling_AirflowDAGs,library,PyPI,tzdata,2025.3,runtime/build,transitive runtime dependency,Apache-2.0,pkg:pypi/tzdata@2025.3,Regensburg_DigitalerEnergieZwilling_AirflowDAGs/.airflow-env installed package metadata,Generated from installed distribution metadata by cyclonedx-bom.
Regensburg_DigitalerEnergieZwilling_AirflowDAGs,library,PyPI,uc-micro-py,1.0.3,runtime/build,transitive runtime dependency,MIT,pkg:pypi/uc-micro-py@1.0.3,Regensburg_DigitalerEnergieZwilling_AirflowDAGs/.airflow-env installed package metadata,Generated from installed distribution metadata by cyclonedx-bom.
Regensburg_DigitalerEnergieZwilling_AirflowDAGs,library,PyPI,universal_pathlib,0.2.6,runtime/build,transitive runtime dependency,NOASSERTION,pkg:pypi/universal-pathlib@0.2.6,Regensburg_DigitalerEnergieZwilling_AirflowDAGs/.airflow-env installed package metadata,Generated from installed distribution metadata by cyclonedx-bom.
Regensburg_DigitalerEnergieZwilling_AirflowDAGs,library,PyPI,urllib3,2.6.3,runtime/build,transitive runtime dependency,MIT,pkg:pypi/urllib3@2.6.3,Regensburg_DigitalerEnergieZwilling_AirflowDAGs/.airflow-env installed package metadata,Generated from installed distribution metadata by cyclonedx-bom.
Regensburg_DigitalerEnergieZwilling_AirflowDAGs,library,PyPI,uuid6,2025.0.1,runtime/build,transitive runtime dependency,MIT,pkg:pypi/uuid6@2025.0.1,Regensburg_DigitalerEnergieZwilling_AirflowDAGs/.airflow-env installed package metadata,Generated from installed distribution metadata by cyclonedx-bom.
Regensburg_DigitalerEnergieZwilling_AirflowDAGs,library,PyPI,uvicorn,0.40.0,runtime/build,transitive runtime dependency,BSD-3-Clause,pkg:pypi/uvicorn@0.40.0,Regensburg_DigitalerEnergieZwilling_AirflowDAGs/.airflow-env installed package metadata,Generated from installed distribution metadata by cyclonedx-bom.
Regensburg_DigitalerEnergieZwilling_AirflowDAGs,library,PyPI,uvloop,0.22.1,runtime/build,transitive runtime dependency,MIT AND License :: OSI Approved :: Apache Software License,pkg:pypi/uvloop@0.22.1,Regensburg_DigitalerEnergieZwilling_AirflowDAGs/.airflow-env installed package metadata,Generated from installed distribution metadata by cyclonedx-bom.
Regensburg_DigitalerEnergieZwilling_AirflowDAGs,library,PyPI,watchfiles,1.1.1,runtime/build,transitive runtime dependency,MIT,pkg:pypi/watchfiles@1.1.1,Regensburg_DigitalerEnergieZwilling_AirflowDAGs/.airflow-env installed package metadata,Generated from installed distribution metadata by cyclonedx-bom.
Regensburg_DigitalerEnergieZwilling_AirflowDAGs,library,PyPI,watchtower,3.4.0,runtime/build,transitive runtime dependency,License :: OSI Approved :: Apache Software License,pkg:pypi/watchtower@3.4.0,Regensburg_DigitalerEnergieZwilling_AirflowDAGs/.airflow-env installed package metadata,Generated from installed distribution metadata by cyclonedx-bom.
Regensburg_DigitalerEnergieZwilling_AirflowDAGs,library,PyPI,websockets,15.0.1,runtime/build,transitive runtime dependency,BSD-3-Clause AND License :: OSI Approved :: BSD License,pkg:pypi/websockets@15.0.1,Regensburg_DigitalerEnergieZwilling_AirflowDAGs/.airflow-env installed package metadata,Generated from installed distribution metadata by cyclonedx-bom.
Regensburg_DigitalerEnergieZwilling_AirflowDAGs,library,PyPI,wirerope,1.0.0,runtime/build,transitive runtime dependency,License :: OSI Approved :: BSD License,pkg:pypi/wirerope@1.0.0,Regensburg_DigitalerEnergieZwilling_AirflowDAGs/.airflow-env installed package metadata,Generated from installed distribution metadata by cyclonedx-bom.
Regensburg_DigitalerEnergieZwilling_AirflowDAGs,library,PyPI,wrapt,2.1.1,runtime/build,transitive runtime dependency,BSD-2-Clause,pkg:pypi/wrapt@2.1.1,Regensburg_DigitalerEnergieZwilling_AirflowDAGs/.airflow-env installed package metadata,Generated from installed distribution metadata by cyclonedx-bom.
Regensburg_DigitalerEnergieZwilling_AirflowDAGs,library,PyPI,yarl,1.22.0,runtime/build,transitive runtime dependency,Apache-2.0 AND License :: OSI Approved :: Apache Software License,pkg:pypi/yarl@1.22.0,Regensburg_DigitalerEnergieZwilling_AirflowDAGs/.airflow-env installed package metadata,Generated from installed distribution metadata by cyclonedx-bom.
Regensburg_DigitalerEnergieZwilling_AirflowDAGs,library,PyPI,zipp,3.23.0,runtime/build,transitive runtime dependency,MIT,pkg:pypi/zipp@3.23.0,Regensburg_DigitalerEnergieZwilling_AirflowDAGs/.airflow-env installed package metadata,Generated from installed distribution metadata by cyclonedx-bom.
